movie_id,title,cinema,date,time,format,price
1465063,Hòn Đảo Quên Lãng,CGV Vincom Bà Triệu,2026-09-29,09:15,IMAX 2D,160000
1465063,Hòn Đảo Quên Lãng,CGV Vincom Bà Triệu,2026-09-29,17:40,2D Phụ đề,110000
1465063,Hòn Đảo Quên Lãng,CGV Vincom Bà Triệu,2026-09-29,19:15,2D Lồng tiếng,110000
1465063,Hòn Đảo Quên Lãng,CGV Vincom Bà Triệu,2026-09-29,23:00,2D Lồng tiếng,110000
299534,Avengers: Hồi Kết,CGV Vincom Bà Triệu,2026-09-29,15:20,IMAX 2D,160000
299534,Avengers: Hồi Kết,CGV Vincom Bà Triệu,2026-09-29,19:15,2D Phụ đề,110000
299534,Avengers: Hồi Kết,CGV Vincom Bà Triệu,2026-09-29,20:30,2D Phụ đề,110000
299534,Avengers: Hồi Kết,CGV Vincom Bà Triệu,2026-09-29,23:00,2D Lồng tiếng,110000
1228834,Phi Vụ Sửa Sai,CGV Vincom Bà Triệu,2026-09-29,09:15,2D Phụ đề,85000
1228834,Phi Vụ Sửa Sai,CGV Vincom Bà Triệu,2026-09-29,13:45,2D Phụ đề,85000
1228834,Phi Vụ Sửa Sai,CGV Vincom Bà Triệu,2026-09-29,20:30,2D Phụ đề,110000
1228834,Phi Vụ Sửa Sai,CGV Vincom Bà Triệu,2026-09-29,23:00,2D Phụ đề,110000
1386315,The Runner,CGV Vincom Bà Triệu,2026-09-29,19:15,2D Lồng tiếng,110000
1386315,The Runner,CGV Vincom Bà Triệu,2026-09-29,20:30,2D Phụ đề,110000
1386315,The Runner,CGV Vincom Bà Triệu,2026-09-29,23:00,IMAX 2D,160000
1538457,மீசைய முருக்கு 2,CGV Vincom Bà Triệu,2026-09-29,15:20,2D Phụ đề,85000
1538457,மீசைய முருக்கு 2,CGV Vincom Bà Triệu,2026-09-29,20:30,2D Phụ đề,110000
1538457,மீசைய முருக்கு 2,CGV Vincom Bà Triệu,2026-09-29,23:00,IMAX 2D,160000
1419406,Bổ Phong Truy Ảnh,CGV Vincom Bà Triệu,2026-09-29,09:15,2D Phụ đề,85000
1419406,Bổ Phong Truy Ảnh,CGV Vincom Bà Triệu,2026-09-29,13:45,2D Lồng tiếng,85000
1419406,Bổ Phong Truy Ảnh,CGV Vincom Bà Triệu,2026-09-29,17:40,2D Lồng tiếng,110000
1751701,After Impact,CGV Vincom Bà Triệu,2026-09-29,11:30,2D Phụ đề,85000
1751701,After Impact,CGV Vincom Bà Triệu,2026-09-29,15:20,2D Phụ đề,85000
1751701,After Impact,CGV Vincom Bà Triệu,2026-09-29,19:15,2D Phụ đề,110000
1751701,After Impact,CGV Vincom Bà Triệu,2026-09-29,23:00,2D Phụ đề,110000
1130948,Rosebush Pruning,CGV Vincom Bà Triệu,2026-09-29,11:30,2D Phụ đề,85000
1130948,Rosebush Pruning,CGV Vincom Bà Triệu,2026-09-29,13:45,2D Lồng tiếng,85000
1130948,Rosebush Pruning,CGV Vincom Bà Triệu,2026-09-29,17:40,2D Phụ đề,110000
1130948,Rosebush Pruning,CGV Vincom Bà Triệu,2026-09-29,19:15,2D Lồng tiếng,110000
1185806,PAW Patrol: Phim Khủng Long,CGV Vincom Bà Triệu,2026-09-29,13:45,2D Lồng tiếng,85000
1185806,PAW Patrol: Phim Khủng Long,CGV Vincom Bà Triệu,2026-09-29,17:40,IMAX 2D,160000
1185806,PAW Patrol: Phim Khủng Long,CGV Vincom Bà Triệu,2026-09-29,20:30,2D Lồng tiếng,110000
1185806,PAW Patrol: Phim Khủng Long,CGV Vincom Bà Triệu,2026-09-29,23:00,2D Phụ đề,110000
1263337,Trái Tim Quái Thú,CGV Vincom Bà Triệu,2026-09-29,13:45,2D Lồng tiếng,85000
1263337,Trái Tim Quái Thú,CGV Vincom Bà Triệu,2026-09-29,19:15,IMAX 2D,160000
1263337,Trái Tim Quái Thú,CGV Vincom Bà Triệu,2026-09-29,20:30,2D Phụ đề,110000
1263337,Trái Tim Quái Thú,CGV Vincom Bà Triệu,2026-09-29,23:00,2D Phụ đề,110000
1477712,Gã Bán Kem,CGV Vincom Bà Triệu,2026-09-29,09:15,2D Lồng tiếng,85000
1477712,Gã Bán Kem,CGV Vincom Bà Triệu,2026-09-29,11:30,2D Lồng tiếng,85000
1204680,Coyote vs. Acme,CGV Vincom Bà Triệu,2026-09-29,15:20,2D Phụ đề,85000
1204680,Coyote vs. Acme,CGV Vincom Bà Triệu,2026-09-29,20:30,2D Lồng tiếng,110000
1204680,Coyote vs. Acme,CGV Vincom Bà Triệu,2026-09-29,23:00,2D Phụ đề,110000
1375646,Bầy Xác Sống,CGV Vincom Bà Triệu,2026-09-29,11:30,2D Phụ đề,85000
1375646,Bầy Xác Sống,CGV Vincom Bà Triệu,2026-09-29,15:20,2D Lồng tiếng,85000
1375646,Bầy Xác Sống,CGV Vincom Bà Triệu,2026-09-29,19:15,2D Lồng tiếng,110000
1641629,Toi+Moi - Seuls contre tous,CGV Vincom Bà Triệu,2026-09-29,09:15,2D Phụ đề,85000
1641629,Toi+Moi - Seuls contre tous,CGV Vincom Bà Triệu,2026-09-29,20:30,IMAX 2D,160000
1641629,Toi+Moi - Seuls contre tous,CGV Vincom Bà Triệu,2026-09-29,23:00,2D Phụ đề,110000
299534,Avengers: Hồi Kết,CGV Aeon Mall Long Biên,2026-09-29,09:15,IMAX 2D,160000
299534,Avengers: Hồi Kết,CGV Aeon Mall Long Biên,2026-09-29,17:40,2D Phụ đề,110000
299534,Avengers: Hồi Kết,CGV Aeon Mall Long Biên,2026-09-29,23:00,2D Lồng tiếng,110000
1580190,除暴之路,CGV Aeon Mall Long Biên,2026-09-29,13:45,2D Phụ đề,85000
1580190,除暴之路,CGV Aeon Mall Long Biên,2026-09-29,23:00,IMAX 2D,160000
1284465,Cái Chết của Robin Hood,CGV Aeon Mall Long Biên,2026-09-29,13:45,2D Lồng tiếng,85000
1284465,Cái Chết của Robin Hood,CGV Aeon Mall Long Biên,2026-09-29,17:40,2D Phụ đề,110000
1284465,Cái Chết của Robin Hood,CGV Aeon Mall Long Biên,2026-09-29,20:30,2D Phụ đề,110000
1621552,La captura,CGV Aeon Mall Long Biên,2026-09-29,09:15,IMAX 2D,160000
1621552,La captura,CGV Aeon Mall Long Biên,2026-09-29,13:45,2D Phụ đề,85000
1422011,Kết Thúc,CGV Aeon Mall Long Biên,2026-09-29,15:20,IMAX 2D,160000
1422011,Kết Thúc,CGV Aeon Mall Long Biên,2026-09-29,20:30,2D Phụ đề,110000
1422011,Kết Thúc,CGV Aeon Mall Long Biên,2026-09-29,23:00,2D Lồng tiếng,110000
1228834,Phi Vụ Sửa Sai,CGV Aeon Mall Long Biên,2026-09-29,20:30,IMAX 2D,160000
1228834,Phi Vụ Sửa Sai,CGV Aeon Mall Long Biên,2026-09-29,21:45,2D Phụ đề,110000
1083381,Backrooms: Thực Thể Quỷ Quyệt,CGV Aeon Mall Long Biên,2026-09-29,09:15,IMAX 2D,160000
1083381,Backrooms: Thực Thể Quỷ Quyệt,CGV Aeon Mall Long Biên,2026-09-29,15:20,2D Phụ đề,85000
1083381,Backrooms: Thực Thể Quỷ Quyệt,CGV Aeon Mall Long Biên,2026-09-29,17:40,2D Lồng tiếng,110000
1083381,Backrooms: Thực Thể Quỷ Quyệt,CGV Aeon Mall Long Biên,2026-09-29,20:30,2D Phụ đề,110000
1423191,Vùng Đất Quỷ Dữ,CGV Aeon Mall Long Biên,2026-09-29,09:15,2D Lồng tiếng,85000
1423191,Vùng Đất Quỷ Dữ,CGV Aeon Mall Long Biên,2026-09-29,15:20,2D Phụ đề,85000
1315772,Minions & Quái Vật,CGV Aeon Mall Long Biên,2026-09-29,15:20,2D Phụ đề,85000
1315772,Minions & Quái Vật,CGV Aeon Mall Long Biên,2026-09-29,20:30,2D Phụ đề,110000
1315772,Minions & Quái Vật,CGV Aeon Mall Long Biên,2026-09-29,21:45,IMAX 2D,160000
1232569,Pinocchio: Unstrung,CGV Aeon Mall Long Biên,2026-09-29,19:15,2D Lồng tiếng,110000
1232569,Pinocchio: Unstrung,CGV Aeon Mall Long Biên,2026-09-29,20:30,2D Phụ đề,110000
1232569,Pinocchio: Unstrung,CGV Aeon Mall Long Biên,2026-09-29,21:45,IMAX 2D,160000
1386315,The Runner,CGV Aeon Mall Long Biên,2026-09-29,11:30,2D Lồng tiếng,85000
1386315,The Runner,CGV Aeon Mall Long Biên,2026-09-29,15:20,IMAX 2D,160000
1386315,The Runner,CGV Aeon Mall Long Biên,2026-09-29,23:00,2D Phụ đề,110000
1607127,Phát Bắn Cuối,CGV Aeon Mall Long Biên,2026-09-29,13:45,IMAX 2D,160000
1607127,Phát Bắn Cuối,CGV Aeon Mall Long Biên,2026-09-29,15:20,2D Lồng tiếng,85000
1607127,Phát Bắn Cuối,CGV Aeon Mall Long Biên,2026-09-29,21:45,2D Phụ đề,110000
1288445,Tàu Buôn Người,CGV Indochina Plaza Hà Nội (IPH),2026-09-29,13:45,2D Phụ đề,85000
1288445,Tàu Buôn Người,CGV Indochina Plaza Hà Nội (IPH),2026-09-29,15:20,IMAX 2D,160000
1288445,Tàu Buôn Người,CGV Indochina Plaza Hà Nội (IPH),2026-09-29,17:40,2D Phụ đề,110000
1288445,Tàu Buôn Người,CGV Indochina Plaza Hà Nội (IPH),2026-09-29,23:00,2D Lồng tiếng,110000
1315772,Minions & Quái Vật,CGV Indochina Plaza Hà Nội (IPH),2026-09-29,21:45,IMAX 2D,160000
1315772,Minions & Quái Vật,CGV Indochina Plaza Hà Nội (IPH),2026-09-29,23:00,2D Phụ đề,110000
1621552,La captura,CGV Indochina Plaza Hà Nội (IPH),2026-09-29,09:15,2D Phụ đề,85000
1621552,La captura,CGV Indochina Plaza Hà Nội (IPH),2026-09-29,13:45,2D Phụ đề,85000
1621552,La captura,CGV Indochina Plaza Hà Nội (IPH),2026-09-29,15:20,2D Phụ đề,85000
1621552,La captura,CGV Indochina Plaza Hà Nội (IPH),2026-09-29,23:00,2D Phụ đề,110000
1375646,Bầy Xác Sống,CGV Indochina Plaza Hà Nội (IPH),2026-09-29,11:30,2D Lồng tiếng,85000
1375646,Bầy Xác Sống,CGV Indochina Plaza Hà Nội (IPH),2026-09-29,19:15,2D Phụ đề,110000
1375646,Bầy Xác Sống,CGV Indochina Plaza Hà Nội (IPH),2026-09-29,20:30,IMAX 2D,160000
1751701,After Impact,CGV Indochina Plaza Hà Nội (IPH),2026-09-29,09:15,2D Phụ đề,85000
1751701,After Impact,CGV Indochina Plaza Hà Nội (IPH),2026-09-29,11:30,2D Lồng tiếng,85000
1751701,After Impact,CGV Indochina Plaza Hà Nội (IPH),2026-09-29,20:30,2D Phụ đề,110000
1751701,After Impact,CGV Indochina Plaza Hà Nội (IPH),2026-09-29,23:00,IMAX 2D,160000
1032863,The Love Hypothesis,CGV Indochina Plaza Hà Nội (IPH),2026-09-29,09:15,2D Lồng tiếng,85000
1032863,The Love Hypothesis,CGV Indochina Plaza Hà Nội (IPH),2026-09-29,17:40,2D Phụ đề,110000
1032863,The Love Hypothesis,CGV Indochina Plaza Hà Nội (IPH),2026-09-29,20:30,IMAX 2D,160000
1204680,Coyote vs. Acme,CGV Indochina Plaza Hà Nội (IPH),2026-09-29,13:45,2D Phụ đề,85000
1204680,Coyote vs. Acme,CGV Indochina Plaza Hà Nội (IPH),2026-09-29,20:30,2D Lồng tiếng,110000
1339713,Ám Ảnh,CGV Indochina Plaza Hà Nội (IPH),2026-09-29,09:15,IMAX 2D,160000
1339713,Ám Ảnh,CGV Indochina Plaza Hà Nội (IPH),2026-09-29,17:40,2D Lồng tiếng,110000
1339713,Ám Ảnh,CGV Indochina Plaza Hà Nội (IPH),2026-09-29,21:45,2D Lồng tiếng,110000
1339713,Ám Ảnh,CGV Indochina Plaza Hà Nội (IPH),2026-09-29,23:00,IMAX 2D,160000
1465063,Hòn Đảo Quên Lãng,CGV Mipec Tower,2026-09-29,11:30,2D Phụ đề,85000
1465063,Hòn Đảo Quên Lãng,CGV Mipec Tower,2026-09-29,15:20,2D Phụ đề,85000
1465063,Hòn Đảo Quên Lãng,CGV Mipec Tower,2026-09-29,17:40,2D Phụ đề,110000
1101383,Ngày Tàn Của Phố Oak,CGV Mipec Tower,2026-09-29,17:40,2D Lồng tiếng,110000
1101383,Ngày Tàn Của Phố Oak,CGV Mipec Tower,2026-09-29,19:15,2D Phụ đề,110000
1130948,Rosebush Pruning,CGV Mipec Tower,2026-09-29,13:45,2D Phụ đề,85000
1130948,Rosebush Pruning,CGV Mipec Tower,2026-09-29,23:00,2D Lồng tiếng,110000
1621552,La captura,CGV Mipec Tower,2026-09-29,13:45,IMAX 2D,160000
1621552,La captura,CGV Mipec Tower,2026-09-29,19:15,2D Lồng tiếng,110000
1375646,Bầy Xác Sống,CGV Mipec Tower,2026-09-29,13:45,2D Phụ đề,85000
1375646,Bầy Xác Sống,CGV Mipec Tower,2026-09-29,20:30,2D Phụ đề,110000
1240889,Dục Vọng Tuổi Mới Lớn Và Cái Chết Ở Trại Miasma,CGV Mipec Tower,2026-09-29,17:40,2D Phụ đề,110000
1240889,Dục Vọng Tuổi Mới Lớn Và Cái Chết Ở Trại Miasma,CGV Mipec Tower,2026-09-29,19:15,2D Phụ đề,110000
1240889,Dục Vọng Tuổi Mới Lớn Và Cái Chết Ở Trại Miasma,CGV Mipec Tower,2026-09-29,21:45,2D Lồng tiếng,110000
1240889,Dục Vọng Tuổi Mới Lớn Và Cái Chết Ở Trại Miasma,CGV Mipec Tower,2026-09-29,23:00,2D Phụ đề,110000
1419406,Bổ Phong Truy Ảnh,CGV Mipec Tower,2026-09-29,19:15,2D Phụ đề,110000
1419406,Bổ Phong Truy Ảnh,CGV Mipec Tower,2026-09-29,20:30,IMAX 2D,160000
1419406,Bổ Phong Truy Ảnh,CGV Mipec Tower,2026-09-29,21:45,2D Lồng tiếng,110000
1419406,Bổ Phong Truy Ảnh,CGV Mipec Tower,2026-09-29,23:00,IMAX 2D,160000
1108427,Hành Trình Của Moana,CGV Mipec Tower,2026-09-29,09:15,2D Phụ đề,85000
1108427,Hành Trình Của Moana,CGV Mipec Tower,2026-09-29,13:45,2D Lồng tiếng,85000
1108427,Hành Trình Của Moana,CGV Mipec Tower,2026-09-29,17:40,2D Lồng tiếng,110000
1108427,Hành Trình Của Moana,CGV Mipec Tower,2026-09-29,20:30,2D Lồng tiếng,110000
1375441,Thời Điểm Vàng,CGV Mipec Tower,2026-09-29,13:45,2D Phụ đề,85000
1375441,Thời Điểm Vàng,CGV Mipec Tower,2026-09-29,19:15,2D Phụ đề,110000
1375441,Thời Điểm Vàng,CGV Mipec Tower,2026-09-29,20:30,2D Phụ đề,110000
1375441,Thời Điểm Vàng,CGV Mipec Tower,2026-09-29,21:45,2D Lồng tiếng,110000
1516698,The Last Sunrise,CGV Mipec Tower,2026-09-29,11:30,IMAX 2D,160000
1516698,The Last Sunrise,CGV Mipec Tower,2026-09-29,13:45,2D Phụ đề,85000
1516698,The Last Sunrise,CGV Mipec Tower,2026-09-29,17:40,2D Phụ đề,110000
1516698,The Last Sunrise,CGV Mipec Tower,2026-09-29,23:00,2D Phụ đề,110000
1621552,La captura,CGV Vincom Center Landmark 81,2026-09-29,13:45,2D Phụ đề,85000
1621552,La captura,CGV Vincom Center Landmark 81,2026-09-29,17:40,2D Phụ đề,110000
1621552,La captura,CGV Vincom Center Landmark 81,2026-09-29,19:15,2D Phụ đề,110000
1621552,La captura,CGV Vincom Center Landmark 81,2026-09-29,21:45,2D Lồng tiếng,110000
1368337,The Odyssey,CGV Vincom Center Landmark 81,2026-09-29,15:20,2D Phụ đề,85000
1368337,The Odyssey,CGV Vincom Center Landmark 81,2026-09-29,17:40,2D Phụ đề,110000
1368337,The Odyssey,CGV Vincom Center Landmark 81,2026-09-29,21:45,2D Phụ đề,110000
1240889,Dục Vọng Tuổi Mới Lớn Và Cái Chết Ở Trại Miasma,CGV Vincom Center Landmark 81,2026-09-29,13:45,IMAX 2D,160000
1240889,Dục Vọng Tuổi Mới Lớn Và Cái Chết Ở Trại Miasma,CGV Vincom Center Landmark 81,2026-09-29,19:15,2D Lồng tiếng,110000
1240889,Dục Vọng Tuổi Mới Lớn Và Cái Chết Ở Trại Miasma,CGV Vincom Center Landmark 81,2026-09-29,21:45,2D Phụ đề,110000
1240889,Dục Vọng Tuổi Mới Lớn Và Cái Chết Ở Trại Miasma,CGV Vincom Center Landmark 81,2026-09-29,23:00,2D Phụ đề,110000
1423191,Vùng Đất Quỷ Dữ,CGV Vincom Center Landmark 81,2026-09-29,19:15,2D Lồng tiếng,110000
1423191,Vùng Đất Quỷ Dữ,CGV Vincom Center Landmark 81,2026-09-29,21:45,2D Phụ đề,110000
1422011,Kết Thúc,CGV Vincom Center Landmark 81,2026-09-29,13:45,2D Phụ đề,85000
1422011,Kết Thúc,CGV Vincom Center Landmark 81,2026-09-29,21:45,2D Phụ đề,110000
1288445,Tàu Buôn Người,CGV Vincom Center Landmark 81,2026-09-29,17:40,2D Phụ đề,110000
1288445,Tàu Buôn Người,CGV Vincom Center Landmark 81,2026-09-29,23:00,2D Phụ đề,110000
1101383,Ngày Tàn Của Phố Oak,CGV Vincom Center Landmark 81,2026-09-29,09:15,2D Phụ đề,85000
1101383,Ngày Tàn Của Phố Oak,CGV Vincom Center Landmark 81,2026-09-29,23:00,IMAX 2D,160000
1315772,Minions & Quái Vật,CGV Vincom Center Landmark 81,2026-09-29,09:15,2D Phụ đề,85000
1315772,Minions & Quái Vật,CGV Vincom Center Landmark 81,2026-09-29,17:40,2D Lồng tiếng,110000
1465063,Hòn Đảo Quên Lãng,CGV Vincom Center Landmark 81,2026-09-29,11:30,2D Phụ đề,85000
1465063,Hòn Đảo Quên Lãng,CGV Vincom Center Landmark 81,2026-09-29,17:40,2D Phụ đề,110000
1465063,Hòn Đảo Quên Lãng,CGV Vincom Center Landmark 81,2026-09-29,20:30,IMAX 2D,160000
1386315,The Runner,CGV Vincom Center Landmark 81,2026-09-29,11:30,2D Phụ đề,85000
1386315,The Runner,CGV Vincom Center Landmark 81,2026-09-29,19:15,2D Phụ đề,110000
1284465,Cái Chết của Robin Hood,CGV Crescent Mall,2026-09-29,09:15,2D Lồng tiếng,85000
1284465,Cái Chết của Robin Hood,CGV Crescent Mall,2026-09-29,13:45,2D Phụ đề,85000
1284465,Cái Chết của Robin Hood,CGV Crescent Mall,2026-09-29,20:30,2D Phụ đề,110000
1315772,Minions & Quái Vật,CGV Crescent Mall,2026-09-29,17:40,2D Phụ đề,110000
1315772,Minions & Quái Vật,CGV Crescent Mall,2026-09-29,19:15,2D Phụ đề,110000
1423191,Vùng Đất Quỷ Dữ,CGV Crescent Mall,2026-09-29,15:20,2D Phụ đề,85000
1423191,Vùng Đất Quỷ Dữ,CGV Crescent Mall,2026-09-29,20:30,2D Lồng tiếng,110000
1516698,The Last Sunrise,CGV Crescent Mall,2026-09-29,13:45,2D Lồng tiếng,85000
1516698,The Last Sunrise,CGV Crescent Mall,2026-09-29,17:40,2D Phụ đề,110000
1516698,The Last Sunrise,CGV Crescent Mall,2026-09-29,19:15,2D Phụ đề,110000
1516698,The Last Sunrise,CGV Crescent Mall,2026-09-29,20:30,IMAX 2D,160000
1422011,Kết Thúc,CGV Crescent Mall,2026-09-29,15:20,2D Lồng tiếng,85000
1422011,Kết Thúc,CGV Crescent Mall,2026-09-29,19:15,2D Phụ đề,110000
1422011,Kết Thúc,CGV Crescent Mall,2026-09-29,20:30,2D Phụ đề,110000
1422011,Kết Thúc,CGV Crescent Mall,2026-09-29,23:00,2D Phụ đề,110000
1032863,The Love Hypothesis,CGV Crescent Mall,2026-09-29,20:30,2D Phụ đề,110000
1032863,The Love Hypothesis,CGV Crescent Mall,2026-09-29,21:45,2D Phụ đề,110000
1032863,The Love Hypothesis,CGV Crescent Mall,2026-09-29,23:00,2D Lồng tiếng,110000
1263337,Trái Tim Quái Thú,CGV Crescent Mall,2026-09-29,19:15,2D Phụ đề,110000
1263337,Trái Tim Quái Thú,CGV Crescent Mall,2026-09-29,20:30,2D Lồng tiếng,110000
1263337,Trái Tim Quái Thú,CGV Crescent Mall,2026-09-29,21:45,2D Phụ đề,110000
1263337,Trái Tim Quái Thú,CGV Crescent Mall,2026-09-29,23:00,2D Phụ đề,110000
1482547,Zip Wire,CGV Crescent Mall,2026-09-29,15:20,2D Phụ đề,85000
1482547,Zip Wire,CGV Crescent Mall,2026-09-29,19:15,2D Phụ đề,110000
1482547,Zip Wire,CGV Crescent Mall,2026-09-29,20:30,2D Lồng tiếng,110000
1751701,After Impact,CGV Crescent Mall,2026-09-29,13:45,2D Phụ đề,85000
1751701,After Impact,CGV Crescent Mall,2026-09-29,23:00,2D Phụ đề,110000
1477712,Gã Bán Kem,CGV Crescent Mall,2026-09-29,09:15,2D Lồng tiếng,85000
1477712,Gã Bán Kem,CGV Crescent Mall,2026-09-29,11:30,2D Phụ đề,85000
1477712,Gã Bán Kem,CGV Crescent Mall,2026-09-29,17:40,2D Lồng tiếng,110000
1477712,Gã Bán Kem,CGV Crescent Mall,2026-09-29,23:00,2D Phụ đề,110000
1516698,The Last Sunrise,CGV Vincom Bà Triệu,2026-09-30,11:30,2D Phụ đề,85000
1516698,The Last Sunrise,CGV Vincom Bà Triệu,2026-09-30,13:45,2D Phụ đề,85000
1516698,The Last Sunrise,CGV Vincom Bà Triệu,2026-09-30,20:30,2D Phụ đề,110000
1516698,The Last Sunrise,CGV Vincom Bà Triệu,2026-09-30,23:00,2D Phụ đề,110000
1368337,The Odyssey,CGV Vincom Bà Triệu,2026-09-30,09:15,2D Lồng tiếng,85000
1368337,The Odyssey,CGV Vincom Bà Triệu,2026-09-30,17:40,IMAX 2D,160000
1284465,Cái Chết của Robin Hood,CGV Vincom Bà Triệu,2026-09-30,11:30,2D Phụ đề,85000
1284465,Cái Chết của Robin Hood,CGV Vincom Bà Triệu,2026-09-30,15:20,2D Lồng tiếng,85000
1284465,Cái Chết của Robin Hood,CGV Vincom Bà Triệu,2026-09-30,19:15,2D Phụ đề,110000
1108427,Hành Trình Của Moana,CGV Vincom Bà Triệu,2026-09-30,11:30,2D Phụ đề,85000
1108427,Hành Trình Của Moana,CGV Vincom Bà Triệu,2026-09-30,17:40,2D Phụ đề,110000
1108427,Hành Trình Của Moana,CGV Vincom Bà Triệu,2026-09-30,19:15,2D Phụ đề,110000
1108427,Hành Trình Của Moana,CGV Vincom Bà Triệu,2026-09-30,23:00,2D Phụ đề,110000
1032863,The Love Hypothesis,CGV Vincom Bà Triệu,2026-09-30,13:45,2D Phụ đề,85000
1032863,The Love Hypothesis,CGV Vincom Bà Triệu,2026-09-30,20:30,IMAX 2D,160000
1538457,மீசைய முருக்கு 2,CGV Vincom Bà Triệu,2026-09-30,09:15,2D Phụ đề,85000
1538457,மீசைய முருக்கு 2,CGV Vincom Bà Triệu,2026-09-30,15:20,IMAX 2D,160000
1538457,மீசைய முருக்கு 2,CGV Vincom Bà Triệu,2026-09-30,17:40,IMAX 2D,160000
1538457,மீசைய முருக்கு 2,CGV Vincom Bà Triệu,2026-09-30,21:45,2D Phụ đề,110000
1580190,除暴之路,CGV Vincom Bà Triệu,2026-09-30,11:30,2D Lồng tiếng,85000
1580190,除暴之路,CGV Vincom Bà Triệu,2026-09-30,23:00,2D Phụ đề,110000
1492640,UNABOMBER,CGV Vincom Bà Triệu,2026-09-30,11:30,2D Lồng tiếng,85000
1492640,UNABOMBER,CGV Vincom Bà Triệu,2026-09-30,21:45,2D Phụ đề,110000
1339713,Ám Ảnh,CGV Vincom Bà Triệu,2026-09-30,09:15,2D Lồng tiếng,85000
1339713,Ám Ảnh,CGV Vincom Bà Triệu,2026-09-30,11:30,2D Phụ đề,85000
1465063,Hòn Đảo Quên Lãng,CGV Vincom Bà Triệu,2026-09-30,09:15,2D Phụ đề,85000
1465063,Hòn Đảo Quên Lãng,CGV Vincom Bà Triệu,2026-09-30,19:15,2D Phụ đề,110000
1465063,Hòn Đảo Quên Lãng,CGV Vincom Bà Triệu,2026-09-30,20:30,2D Phụ đề,110000
1422011,Kết Thúc,CGV Vincom Bà Triệu,2026-09-30,09:15,2D Phụ đề,85000
1422011,Kết Thúc,CGV Vincom Bà Triệu,2026-09-30,17:40,2D Phụ đề,110000
1422011,Kết Thúc,CGV Vincom Bà Triệu,2026-09-30,21:45,2D Phụ đề,110000
1422011,Kết Thúc,CGV Vincom Bà Triệu,2026-09-30,23:00,2D Lồng tiếng,110000
1607127,Phát Bắn Cuối,CGV Aeon Mall Long Biên,2026-09-30,21:45,2D Phụ đề,110000
1607127,Phát Bắn Cuối,CGV Aeon Mall Long Biên,2026-09-30,23:00,2D Phụ đề,110000
1482547,Zip Wire,CGV Aeon Mall Long Biên,2026-09-30,11:30,2D Lồng tiếng,85000
1482547,Zip Wire,CGV Aeon Mall Long Biên,2026-09-30,15:20,2D Lồng tiếng,85000
1482547,Zip Wire,CGV Aeon Mall Long Biên,2026-09-30,20:30,2D Phụ đề,110000
1482547,Zip Wire,CGV Aeon Mall Long Biên,2026-09-30,23:00,2D Lồng tiếng,110000
1315772,Minions & Quái Vật,CGV Aeon Mall Long Biên,2026-09-30,19:15,IMAX 2D,160000
1315772,Minions & Quái Vật,CGV Aeon Mall Long Biên,2026-09-30,21:45,2D Lồng tiếng,110000
1185806,PAW Patrol: Phim Khủng Long,CGV Aeon Mall Long Biên,2026-09-30,11:30,2D Phụ đề,85000
1185806,PAW Patrol: Phim Khủng Long,CGV Aeon Mall Long Biên,2026-09-30,13:45,2D Phụ đề,85000
1185806,PAW Patrol: Phim Khủng Long,CGV Aeon Mall Long Biên,2026-09-30,19:15,2D Lồng tiếng,110000
1185806,PAW Patrol: Phim Khủng Long,CGV Aeon Mall Long Biên,2026-09-30,23:00,IMAX 2D,160000
1263337,Trái Tim Quái Thú,CGV Aeon Mall Long Biên,2026-09-30,19:15,2D Phụ đề,110000
1263337,Trái Tim Quái Thú,CGV Aeon Mall Long Biên,2026-09-30,20:30,2D Phụ đề,110000
1263337,Trái Tim Quái Thú,CGV Aeon Mall Long Biên,2026-09-30,23:00,2D Phụ đề,110000
1751701,After Impact,CGV Aeon Mall Long Biên,2026-09-30,09:15,2D Phụ đề,85000
1751701,After Impact,CGV Aeon Mall Long Biên,2026-09-30,23:00,2D Phụ đề,110000
1375646,Bầy Xác Sống,CGV Aeon Mall Long Biên,2026-09-30,19:15,IMAX 2D,160000
1375646,Bầy Xác Sống,CGV Aeon Mall Long Biên,2026-09-30,21:45,2D Lồng tiếng,110000
1386315,The Runner,CGV Aeon Mall Long Biên,2026-09-30,09:15,2D Phụ đề,85000
1386315,The Runner,CGV Aeon Mall Long Biên,2026-09-30,17:40,2D Phụ đề,110000
1386315,The Runner,CGV Aeon Mall Long Biên,2026-09-30,23:00,2D Phụ đề,110000
1492640,UNABOMBER,CGV Aeon Mall Long Biên,2026-09-30,09:15,2D Phụ đề,85000
1492640,UNABOMBER,CGV Aeon Mall Long Biên,2026-09-30,15:20,2D Phụ đề,85000
1492640,UNABOMBER,CGV Aeon Mall Long Biên,2026-09-30,19:15,2D Phụ đề,110000
1440098,Enfrentados: Marfil,CGV Aeon Mall Long Biên,2026-09-30,20:30,2D Lồng tiếng,110000
1440098,Enfrentados: Marfil,CGV Aeon Mall Long Biên,2026-09-30,21:45,2D Phụ đề,110000
1228834,Phi Vụ Sửa Sai,CGV Aeon Mall Long Biên,2026-09-30,15:20,2D Lồng tiếng,85000
1228834,Phi Vụ Sửa Sai,CGV Aeon Mall Long Biên,2026-09-30,19:15,2D Phụ đề,110000
1228834,Phi Vụ Sửa Sai,CGV Aeon Mall Long Biên,2026-09-30,21:45,2D Phụ đề,110000
1423191,Vùng Đất Quỷ Dữ,CGV Aeon Mall Long Biên,2026-09-30,17:40,2D Lồng tiếng,110000
1423191,Vùng Đất Quỷ Dữ,CGV Aeon Mall Long Biên,2026-09-30,23:00,2D Phụ đề,110000
1621552,La captura,CGV Indochina Plaza Hà Nội (IPH),2026-09-30,13:45,2D Phụ đề,85000
1621552,La captura,CGV Indochina Plaza Hà Nội (IPH),2026-09-30,15:20,2D Phụ đề,85000
1621552,La captura,CGV Indochina Plaza Hà Nội (IPH),2026-09-30,20:30,2D Lồng tiếng,110000
1621552,La captura,CGV Indochina Plaza Hà Nội (IPH),2026-09-30,21:45,2D Phụ đề,110000
1228834,Phi Vụ Sửa Sai,CGV Indochina Plaza Hà Nội (IPH),2026-09-30,13:45,2D Phụ đề,85000
1228834,Phi Vụ Sửa Sai,CGV Indochina Plaza Hà Nội (IPH),2026-09-30,19:15,2D Phụ đề,110000
1228834,Phi Vụ Sửa Sai,CGV Indochina Plaza Hà Nội (IPH),2026-09-30,21:45,2D Phụ đề,110000
1228834,Phi Vụ Sửa Sai,CGV Indochina Plaza Hà Nội (IPH),2026-09-30,23:00,2D Phụ đề,110000
1263337,Trái Tim Quái Thú,CGV Indochina Plaza Hà Nội (IPH),2026-09-30,13:45,2D Lồng tiếng,85000
1263337,Trái Tim Quái Thú,CGV Indochina Plaza Hà Nội (IPH),2026-09-30,19:15,2D Phụ đề,110000
1108427,Hành Trình Của Moana,CGV Indochina Plaza Hà Nội (IPH),2026-09-30,13:45,2D Phụ đề,85000
1108427,Hành Trình Của Moana,CGV Indochina Plaza Hà Nội (IPH),2026-09-30,19:15,2D Lồng tiếng,110000
1108427,Hành Trình Của Moana,CGV Indochina Plaza Hà Nội (IPH),2026-09-30,20:30,2D Phụ đề,110000
1419406,Bổ Phong Truy Ảnh,CGV Indochina Plaza Hà Nội (IPH),2026-09-30,19:15,2D Phụ đề,110000
1419406,Bổ Phong Truy Ảnh,CGV Indochina Plaza Hà Nội (IPH),2026-09-30,23:00,2D Lồng tiếng,110000
1482547,Zip Wire,CGV Indochina Plaza Hà Nội (IPH),2026-09-30,13:45,2D Phụ đề,85000
1482547,Zip Wire,CGV Indochina Plaza Hà Nội (IPH),2026-09-30,21:45,2D Phụ đề,110000
1482547,Zip Wire,CGV Indochina Plaza Hà Nội (IPH),2026-09-30,23:00,2D Phụ đề,110000
1130948,Rosebush Pruning,CGV Indochina Plaza Hà Nội (IPH),2026-09-30,11:30,2D Phụ đề,85000
1130948,Rosebush Pruning,CGV Indochina Plaza Hà Nội (IPH),2026-09-30,20:30,IMAX 2D,160000
1130948,Rosebush Pruning,CGV Indochina Plaza Hà Nội (IPH),2026-09-30,21:45,2D Phụ đề,110000
1185806,PAW Patrol: Phim Khủng Long,CGV Indochina Plaza Hà Nội (IPH),2026-09-30,09:15,2D Phụ đề,85000
1185806,PAW Patrol: Phim Khủng Long,CGV Indochina Plaza Hà Nội (IPH),2026-09-30,13:45,2D Phụ đề,85000
1751701,After Impact,CGV Mipec Tower,2026-09-30,09:15,IMAX 2D,160000
1751701,After Impact,CGV Mipec Tower,2026-09-30,11:30,2D Phụ đề,85000
1083381,Backrooms: Thực Thể Quỷ Quyệt,CGV Mipec Tower,2026-09-30,13:45,IMAX 2D,160000
1083381,Backrooms: Thực Thể Quỷ Quyệt,CGV Mipec Tower,2026-09-30,20:30,IMAX 2D,160000
1240889,Dục Vọng Tuổi Mới Lớn Và Cái Chết Ở Trại Miasma,CGV Mipec Tower,2026-09-30,09:15,IMAX 2D,160000
1240889,Dục Vọng Tuổi Mới Lớn Và Cái Chết Ở Trại Miasma,CGV Mipec Tower,2026-09-30,13:45,2D Phụ đề,85000
1240889,Dục Vọng Tuổi Mới Lớn Và Cái Chết Ở Trại Miasma,CGV Mipec Tower,2026-09-30,17:40,2D Phụ đề,110000
1240889,Dục Vọng Tuổi Mới Lớn Và Cái Chết Ở Trại Miasma,CGV Mipec Tower,2026-09-30,21:45,2D Lồng tiếng,110000
1204680,Coyote vs. Acme,CGV Mipec Tower,2026-09-30,21:45,2D Phụ đề,110000
1204680,Coyote vs. Acme,CGV Mipec Tower,2026-09-30,23:00,IMAX 2D,160000
1386315,The Runner,CGV Mipec Tower,2026-09-30,11:30,IMAX 2D,160000
1386315,The Runner,CGV Mipec Tower,2026-09-30,17:40,2D Phụ đề,110000
299534,Avengers: Hồi Kết,CGV Mipec Tower,2026-09-30,19:15,2D Lồng tiếng,110000
299534,Avengers: Hồi Kết,CGV Mipec Tower,2026-09-30,23:00,2D Lồng tiếng,110000
1368337,The Odyssey,CGV Mipec Tower,2026-09-30,09:15,2D Phụ đề,85000
1368337,The Odyssey,CGV Mipec Tower,2026-09-30,19:15,IMAX 2D,160000
1368337,The Odyssey,CGV Mipec Tower,2026-09-30,21:45,IMAX 2D,160000
1368337,The Odyssey,CGV Mipec Tower,2026-09-30,23:00,2D Phụ đề,110000
1228834,Phi Vụ Sửa Sai,CGV Mipec Tower,2026-09-30,09:15,2D Phụ đề,85000
1228834,Phi Vụ Sửa Sai,CGV Mipec Tower,2026-09-30,11:30,2D Lồng tiếng,85000
1228834,Phi Vụ Sửa Sai,CGV Mipec Tower,2026-09-30,19:15,2D Lồng tiếng,110000
1228834,Phi Vụ Sửa Sai,CGV Mipec Tower,2026-09-30,23:00,2D Lồng tiếng,110000
1440098,Enfrentados: Marfil,CGV Vincom Center Landmark 81,2026-09-30,13:45,IMAX 2D,160000
1440098,Enfrentados: Marfil,CGV Vincom Center Landmark 81,2026-09-30,17:40,IMAX 2D,160000
1440098,Enfrentados: Marfil,CGV Vincom Center Landmark 81,2026-09-30,19:15,2D Phụ đề,110000
1440098,Enfrentados: Marfil,CGV Vincom Center Landmark 81,2026-09-30,23:00,2D Phụ đề,110000
1375441,Thời Điểm Vàng,CGV Vincom Center Landmark 81,2026-09-30,09:15,2D Phụ đề,85000
1375441,Thời Điểm Vàng,CGV Vincom Center Landmark 81,2026-09-30,20:30,2D Phụ đề,110000
1315772,Minions & Quái Vật,CGV Vincom Center Landmark 81,2026-09-30,11:30,2D Phụ đề,85000
1315772,Minions & Quái Vật,CGV Vincom Center Landmark 81,2026-09-30,15:20,2D Lồng tiếng,85000
1315772,Minions & Quái Vật,CGV Vincom Center Landmark 81,2026-09-30,17:40,2D Phụ đề,110000
1315772,Minions & Quái Vật,CGV Vincom Center Landmark 81,2026-09-30,23:00,2D Phụ đề,110000
1185806,PAW Patrol: Phim Khủng Long,CGV Vincom Center Landmark 81,2026-09-30,11:30,2D Phụ đề,85000
1185806,PAW Patrol: Phim Khủng Long,CGV Vincom Center Landmark 81,2026-09-30,15:20,2D Phụ đề,85000
1185806,PAW Patrol: Phim Khủng Long,CGV Vincom Center Landmark 81,2026-09-30,17:40,IMAX 2D,160000
1482547,Zip Wire,CGV Vincom Center Landmark 81,2026-09-30,09:15,2D Phụ đề,85000
1482547,Zip Wire,CGV Vincom Center Landmark 81,2026-09-30,11:30,2D Phụ đề,85000
1482547,Zip Wire,CGV Vincom Center Landmark 81,2026-09-30,20:30,2D Phụ đề,110000
1477712,Gã Bán Kem,CGV Vincom Center Landmark 81,2026-09-30,17:40,2D Phụ đề,110000
1477712,Gã Bán Kem,CGV Vincom Center Landmark 81,2026-09-30,20:30,2D Lồng tiếng,110000
1477712,Gã Bán Kem,CGV Vincom Center Landmark 81,2026-09-30,23:00,2D Lồng tiếng,110000
1751701,After Impact,CGV Vincom Center Landmark 81,2026-09-30,13:45,2D Phụ đề,85000
1751701,After Impact,CGV Vincom Center Landmark 81,2026-09-30,20:30,2D Phụ đề,110000
1263337,Trái Tim Quái Thú,CGV Vincom Center Landmark 81,2026-09-30,11:30,2D Lồng tiếng,85000
1263337,Trái Tim Quái Thú,CGV Vincom Center Landmark 81,2026-09-30,20:30,2D Phụ đề,110000
1580190,除暴之路,CGV Vincom Center Landmark 81,2026-09-30,17:40,2D Phụ đề,110000
1580190,除暴之路,CGV Vincom Center Landmark 81,2026-09-30,23:00,2D Lồng tiếng,110000
1284465,Cái Chết của Robin Hood,CGV Vincom Center Landmark 81,2026-09-30,11:30,2D Lồng tiếng,85000
1284465,Cái Chết của Robin Hood,CGV Vincom Center Landmark 81,2026-09-30,19:15,2D Phụ đề,110000
1284465,Cái Chết của Robin Hood,CGV Vincom Center Landmark 81,2026-09-30,23:00,2D Phụ đề,110000
1641629,Toi+Moi - Seuls contre tous,CGV Vincom Center Landmark 81,2026-09-30,11:30,2D Lồng tiếng,85000
1641629,Toi+Moi - Seuls contre tous,CGV Vincom Center Landmark 81,2026-09-30,13:45,2D Phụ đề,85000
1641629,Toi+Moi - Seuls contre tous,CGV Vincom Center Landmark 81,2026-09-30,20:30,2D Phụ đề,110000
1641629,Toi+Moi - Seuls contre tous,CGV Vincom Center Landmark 81,2026-09-30,23:00,2D Lồng tiếng,110000
1083381,Backrooms: Thực Thể Quỷ Quyệt,CGV Vincom Center Landmark 81,2026-09-30,17:40,2D Phụ đề,110000
1083381,Backrooms: Thực Thể Quỷ Quyệt,CGV Vincom Center Landmark 81,2026-09-30,23:00,IMAX 2D,160000
1419406,Bổ Phong Truy Ảnh,CGV Vincom Center Landmark 81,2026-09-30,11:30,2D Lồng tiếng,85000
1419406,Bổ Phong Truy Ảnh,CGV Vincom Center Landmark 81,2026-09-30,15:20,2D Phụ đề,85000
1419406,Bổ Phong Truy Ảnh,CGV Vincom Center Landmark 81,2026-09-30,19:15,2D Phụ đề,110000
1419406,Bổ Phong Truy Ảnh,CGV Vincom Center Landmark 81,2026-09-30,21:45,2D Phụ đề,110000
1228834,Phi Vụ Sửa Sai,CGV Crescent Mall,2026-09-30,11:30,2D Phụ đề,85000
1228834,Phi Vụ Sửa Sai,CGV Crescent Mall,2026-09-30,13:45,2D Lồng tiếng,85000
1228834,Phi Vụ Sửa Sai,CGV Crescent Mall,2026-09-30,21:45,2D Phụ đề,110000
1228834,Phi Vụ Sửa Sai,CGV Crescent Mall,2026-09-30,23:00,2D Phụ đề,110000
1538457,மீசைய முருக்கு 2,CGV Crescent Mall,2026-09-30,09:15,2D Phụ đề,85000
1538457,மீசைய முருக்கு 2,CGV Crescent Mall,2026-09-30,13:45,2D Phụ đề,85000
1538457,மீசைய முருக்கு 2,CGV Crescent Mall,2026-09-30,17:40,2D Phụ đề,110000
1538457,மீசைய முருக்கு 2,CGV Crescent Mall,2026-09-30,20:30,2D Phụ đề,110000
1032863,The Love Hypothesis,CGV Crescent Mall,2026-09-30,15:20,IMAX 2D,160000
1032863,The Love Hypothesis,CGV Crescent Mall,2026-09-30,17:40,2D Lồng tiếng,110000
1032863,The Love Hypothesis,CGV Crescent Mall,2026-09-30,21:45,IMAX 2D,160000
1465063,Hòn Đảo Quên Lãng,CGV Crescent Mall,2026-09-30,11:30,IMAX 2D,160000
1465063,Hòn Đảo Quên Lãng,CGV Crescent Mall,2026-09-30,21:45,2D Lồng tiếng,110000
1288445,Tàu Buôn Người,CGV Crescent Mall,2026-09-30,09:15,2D Phụ đề,85000
1288445,Tàu Buôn Người,CGV Crescent Mall,2026-09-30,17:40,2D Phụ đề,110000
1288445,Tàu Buôn Người,CGV Crescent Mall,2026-09-30,19:15,2D Phụ đề,110000
1288445,Tàu Buôn Người,CGV Crescent Mall,2026-09-30,23:00,2D Phụ đề,110000
1315772,Minions & Quái Vật,CGV Crescent Mall,2026-09-30,11:30,2D Phụ đề,85000
1315772,Minions & Quái Vật,CGV Crescent Mall,2026-09-30,23:00,2D Phụ đề,110000
1240889,Dục Vọng Tuổi Mới Lớn Và Cái Chết Ở Trại Miasma,CGV Crescent Mall,2026-09-30,13:45,IMAX 2D,160000
1240889,Dục Vọng Tuổi Mới Lớn Và Cái Chết Ở Trại Miasma,CGV Crescent Mall,2026-09-30,20:30,2D Phụ đề,110000
1240889,Dục Vọng Tuổi Mới Lớn Và Cái Chết Ở Trại Miasma,CGV Crescent Mall,2026-09-30,21:45,2D Phụ đề,110000
1339713,Ám Ảnh,CGV Crescent Mall,2026-09-30,13:45,2D Lồng tiếng,85000
1339713,Ám Ảnh,CGV Crescent Mall,2026-09-30,15:20,2D Phụ đề,85000
1339713,Ám Ảnh,CGV Crescent Mall,2026-09-30,17:40,2D Lồng tiếng,110000
1339713,Ám Ảnh,CGV Crescent Mall,2026-09-30,20:30,2D Phụ đề,110000
1482547,Zip Wire,CGV Crescent Mall,2026-09-30,15:20,IMAX 2D,160000
1482547,Zip Wire,CGV Crescent Mall,2026-09-30,19:15,2D Lồng tiếng,110000
1482547,Zip Wire,CGV Crescent Mall,2026-09-30,20:30,2D Phụ đề,110000
1204680,Coyote vs. Acme,CGV Crescent Mall,2026-09-30,09:15,2D Phụ đề,85000
1204680,Coyote vs. Acme,CGV Crescent Mall,2026-09-30,17:40,IMAX 2D,160000
1204680,Coyote vs. Acme,CGV Crescent Mall,2026-09-30,20:30,2D Phụ đề,110000
1204680,Coyote vs. Acme,CGV Crescent Mall,2026-09-30,21:45,2D Lồng tiếng,110000
1482547,Zip Wire,CGV Vincom Bà Triệu,2026-10-01,17:40,2D Lồng tiếng,110000
1482547,Zip Wire,CGV Vincom Bà Triệu,2026-10-01,20:30,2D Phụ đề,110000
1482547,Zip Wire,CGV Vincom Bà Triệu,2026-10-01,23:00,2D Phụ đề,110000
1368337,The Odyssey,CGV Vincom Bà Triệu,2026-10-01,09:15,2D Phụ đề,85000
1368337,The Odyssey,CGV Vincom Bà Triệu,2026-10-01,13:45,2D Phụ đề,85000
1368337,The Odyssey,CGV Vincom Bà Triệu,2026-10-01,15:20,2D Lồng tiếng,85000
1368337,The Odyssey,CGV Vincom Bà Triệu,2026-10-01,19:15,2D Phụ đề,110000
1108427,Hành Trình Của Moana,CGV Vincom Bà Triệu,2026-10-01,11:30,2D Lồng tiếng,85000
1108427,Hành Trình Của Moana,CGV Vincom Bà Triệu,2026-10-01,15:20,2D Lồng tiếng,85000
1240889,Dục Vọng Tuổi Mới Lớn Và Cái Chết Ở Trại Miasma,CGV Vincom Bà Triệu,2026-10-01,09:15,2D Phụ đề,85000
1240889,Dục Vọng Tuổi Mới Lớn Và Cái Chết Ở Trại Miasma,CGV Vincom Bà Triệu,2026-10-01,11:30,2D Phụ đề,85000
1240889,Dục Vọng Tuổi Mới Lớn Và Cái Chết Ở Trại Miasma,CGV Vincom Bà Triệu,2026-10-01,17:40,2D Lồng tiếng,110000
1240889,Dục Vọng Tuổi Mới Lớn Và Cái Chết Ở Trại Miasma,CGV Vincom Bà Triệu,2026-10-01,19:15,2D Phụ đề,110000
1580190,除暴之路,CGV Vincom Bà Triệu,2026-10-01,11:30,2D Phụ đề,85000
1580190,除暴之路,CGV Vincom Bà Triệu,2026-10-01,13:45,2D Phụ đề,85000
1580190,除暴之路,CGV Vincom Bà Triệu,2026-10-01,15:20,2D Phụ đề,85000
1580190,除暴之路,CGV Vincom Bà Triệu,2026-10-01,21:45,2D Phụ đề,110000
1538457,மீசைய முருக்கு 2,CGV Vincom Bà Triệu,2026-10-01,11:30,2D Phụ đề,85000
1538457,மீசைய முருக்கு 2,CGV Vincom Bà Triệu,2026-10-01,20:30,2D Phụ đề,110000
1204680,Coyote vs. Acme,CGV Vincom Bà Triệu,2026-10-01,09:15,2D Lồng tiếng,85000
1204680,Coyote vs. Acme,CGV Vincom Bà Triệu,2026-10-01,20:30,2D Lồng tiếng,110000
1477712,Gã Bán Kem,CGV Vincom Bà Triệu,2026-10-01,19:15,2D Phụ đề,110000
1477712,Gã Bán Kem,CGV Vincom Bà Triệu,2026-10-01,20:30,2D Phụ đề,110000
1477712,Gã Bán Kem,CGV Vincom Bà Triệu,2026-10-01,23:00,2D Phụ đề,110000
1621552,La captura,CGV Aeon Mall Long Biên,2026-10-01,13:45,2D Phụ đề,85000
1621552,La captura,CGV Aeon Mall Long Biên,2026-10-01,17:40,2D Lồng tiếng,110000
1621552,La captura,CGV Aeon Mall Long Biên,2026-10-01,20:30,2D Lồng tiếng,110000
1621552,La captura,CGV Aeon Mall Long Biên,2026-10-01,23:00,2D Phụ đề,110000
1204680,Coyote vs. Acme,CGV Aeon Mall Long Biên,2026-10-01,11:30,2D Lồng tiếng,85000
1204680,Coyote vs. Acme,CGV Aeon Mall Long Biên,2026-10-01,19:15,2D Lồng tiếng,110000
1130948,Rosebush Pruning,CGV Aeon Mall Long Biên,2026-10-01,09:15,2D Phụ đề,85000
1130948,Rosebush Pruning,CGV Aeon Mall Long Biên,2026-10-01,11:30,2D Phụ đề,85000
1130948,Rosebush Pruning,CGV Aeon Mall Long Biên,2026-10-01,17:40,2D Phụ đề,110000
1130948,Rosebush Pruning,CGV Aeon Mall Long Biên,2026-10-01,21:45,2D Phụ đề,110000
1482547,Zip Wire,CGV Aeon Mall Long Biên,2026-10-01,17:40,2D Phụ đề,110000
1482547,Zip Wire,CGV Aeon Mall Long Biên,2026-10-01,20:30,2D Phụ đề,110000
1423191,Vùng Đất Quỷ Dữ,CGV Aeon Mall Long Biên,2026-10-01,13:45,2D Lồng tiếng,85000
1423191,Vùng Đất Quỷ Dữ,CGV Aeon Mall Long Biên,2026-10-01,17:40,2D Phụ đề,110000
1423191,Vùng Đất Quỷ Dữ,CGV Aeon Mall Long Biên,2026-10-01,23:00,2D Phụ đề,110000
299534,Avengers: Hồi Kết,CGV Aeon Mall Long Biên,2026-10-01,15:20,2D Lồng tiếng,85000
299534,Avengers: Hồi Kết,CGV Aeon Mall Long Biên,2026-10-01,20:30,2D Phụ đề,110000
1232569,Pinocchio: Unstrung,CGV Aeon Mall Long Biên,2026-10-01,13:45,2D Phụ đề,85000
1232569,Pinocchio: Unstrung,CGV Aeon Mall Long Biên,2026-10-01,15:20,IMAX 2D,160000
1232569,Pinocchio: Unstrung,CGV Aeon Mall Long Biên,2026-10-01,20:30,2D Phụ đề,110000
1580190,除暴之路,CGV Aeon Mall Long Biên,2026-10-01,15:20,2D Phụ đề,85000
1580190,除暴之路,CGV Aeon Mall Long Biên,2026-10-01,17:40,2D Phụ đề,110000
1580190,除暴之路,CGV Aeon Mall Long Biên,2026-10-01,23:00,2D Phụ đề,110000
1492640,UNABOMBER,CGV Aeon Mall Long Biên,2026-10-01,09:15,2D Phụ đề,85000
1492640,UNABOMBER,CGV Aeon Mall Long Biên,2026-10-01,20:30,IMAX 2D,160000
1538457,மீசைய முருக்கு 2,CGV Aeon Mall Long Biên,2026-10-01,17:40,IMAX 2D,160000
1538457,மீசைய முருக்கு 2,CGV Aeon Mall Long Biên,2026-10-01,19:15,2D Phụ đề,110000
1751701,After Impact,CGV Aeon Mall Long Biên,2026-10-01,11:30,2D Phụ đề,85000
1751701,After Impact,CGV Aeon Mall Long Biên,2026-10-01,13:45,2D Phụ đề,85000
1751701,After Impact,CGV Aeon Mall Long Biên,2026-10-01,15:20,IMAX 2D,160000
1751701,After Impact,CGV Aeon Mall Long Biên,2026-10-01,23:00,2D Phụ đề,110000
1185806,PAW Patrol: Phim Khủng Long,CGV Aeon Mall Long Biên,2026-10-01,13:45,2D Phụ đề,85000
1185806,PAW Patrol: Phim Khủng Long,CGV Aeon Mall Long Biên,2026-10-01,19:15,2D Lồng tiếng,110000
1315772,Minions & Quái Vật,CGV Aeon Mall Long Biên,2026-10-01,11:30,2D Lồng tiếng,85000
1315772,Minions & Quái Vật,CGV Aeon Mall Long Biên,2026-10-01,15:20,IMAX 2D,160000
1315772,Minions & Quái Vật,CGV Aeon Mall Long Biên,2026-10-01,19:15,2D Phụ đề,110000
1228834,Phi Vụ Sửa Sai,CGV Aeon Mall Long Biên,2026-10-01,15:20,2D Lồng tiếng,85000
1228834,Phi Vụ Sửa Sai,CGV Aeon Mall Long Biên,2026-10-01,17:40,2D Lồng tiếng,110000
1375441,Thời Điểm Vàng,CGV Indochina Plaza Hà Nội (IPH),2026-10-01,09:15,IMAX 2D,160000
1375441,Thời Điểm Vàng,CGV Indochina Plaza Hà Nội (IPH),2026-10-01,15:20,2D Phụ đề,85000
1375441,Thời Điểm Vàng,CGV Indochina Plaza Hà Nội (IPH),2026-10-01,21:45,2D Phụ đề,110000
1465063,Hòn Đảo Quên Lãng,CGV Indochina Plaza Hà Nội (IPH),2026-10-01,09:15,2D Lồng tiếng,85000
1465063,Hòn Đảo Quên Lãng,CGV Indochina Plaza Hà Nội (IPH),2026-10-01,11:30,2D Lồng tiếng,85000
1465063,Hòn Đảo Quên Lãng,CGV Indochina Plaza Hà Nội (IPH),2026-10-01,13:45,2D Phụ đề,85000
1375646,Bầy Xác Sống,CGV Indochina Plaza Hà Nội (IPH),2026-10-01,13:45,2D Phụ đề,85000
1375646,Bầy Xác Sống,CGV Indochina Plaza Hà Nội (IPH),2026-10-01,17:40,2D Phụ đề,110000
1375646,Bầy Xác Sống,CGV Indochina Plaza Hà Nội (IPH),2026-10-01,23:00,2D Phụ đề,110000
1386315,The Runner,CGV Indochina Plaza Hà Nội (IPH),2026-10-01,15:20,2D Lồng tiếng,85000
1386315,The Runner,CGV Indochina Plaza Hà Nội (IPH),2026-10-01,21:45,2D Phụ đề,110000
299534,Avengers: Hồi Kết,CGV Indochina Plaza Hà Nội (IPH),2026-10-01,19:15,2D Phụ đề,110000
299534,Avengers: Hồi Kết,CGV Indochina Plaza Hà Nội (IPH),2026-10-01,23:00,2D Lồng tiếng,110000
1751701,After Impact,CGV Indochina Plaza Hà Nội (IPH),2026-10-01,09:15,IMAX 2D,160000
1751701,After Impact,CGV Indochina Plaza Hà Nội (IPH),2026-10-01,11:30,2D Phụ đề,85000
1423191,Vùng Đất Quỷ Dữ,CGV Indochina Plaza Hà Nội (IPH),2026-10-01,11:30,2D Phụ đề,85000
1423191,Vùng Đất Quỷ Dữ,CGV Indochina Plaza Hà Nội (IPH),2026-10-01,23:00,2D Lồng tiếng,110000
1315772,Minions & Quái Vật,CGV Indochina Plaza Hà Nội (IPH),2026-10-01,20:30,2D Phụ đề,110000
1315772,Minions & Quái Vật,CGV Indochina Plaza Hà Nội (IPH),2026-10-01,23:00,2D Lồng tiếng,110000
1228834,Phi Vụ Sửa Sai,CGV Indochina Plaza Hà Nội (IPH),2026-10-01,13:45,2D Phụ đề,85000
1228834,Phi Vụ Sửa Sai,CGV Indochina Plaza Hà Nội (IPH),2026-10-01,19:15,2D Phụ đề,110000
1228834,Phi Vụ Sửa Sai,CGV Indochina Plaza Hà Nội (IPH),2026-10-01,23:00,2D Lồng tiếng,110000
1101383,Ngày Tàn Của Phố Oak,CGV Indochina Plaza Hà Nội (IPH),2026-10-01,09:15,2D Lồng tiếng,85000
1101383,Ngày Tàn Của Phố Oak,CGV Indochina Plaza Hà Nội (IPH),2026-10-01,15:20,2D Phụ đề,85000
1101383,Ngày Tàn Của Phố Oak,CGV Indochina Plaza Hà Nội (IPH),2026-10-01,23:00,2D Lồng tiếng,110000
1492640,UNABOMBER,CGV Indochina Plaza Hà Nội (IPH),2026-10-01,09:15,2D Lồng tiếng,85000
1492640,UNABOMBER,CGV Indochina Plaza Hà Nội (IPH),2026-10-01,13:45,2D Phụ đề,85000
1492640,UNABOMBER,CGV Indochina Plaza Hà Nội (IPH),2026-10-01,23:00,2D Phụ đề,110000
1368337,The Odyssey,CGV Indochina Plaza Hà Nội (IPH),2026-10-01,15:20,2D Lồng tiếng,85000
1368337,The Odyssey,CGV Indochina Plaza Hà Nội (IPH),2026-10-01,17:40,2D Lồng tiếng,110000
1368337,The Odyssey,CGV Indochina Plaza Hà Nội (IPH),2026-10-01,21:45,IMAX 2D,160000
1368337,The Odyssey,CGV Indochina Plaza Hà Nội (IPH),2026-10-01,23:00,2D Phụ đề,110000
1621552,La captura,CGV Mipec Tower,2026-10-01,09:15,IMAX 2D,160000
1621552,La captura,CGV Mipec Tower,2026-10-01,11:30,2D Lồng tiếng,85000
1621552,La captura,CGV Mipec Tower,2026-10-01,15:20,IMAX 2D,160000
1621552,La captura,CGV Mipec Tower,2026-10-01,21:45,2D Phụ đề,110000
1232569,Pinocchio: Unstrung,CGV Mipec Tower,2026-10-01,09:15,IMAX 2D,160000
1232569,Pinocchio: Unstrung,CGV Mipec Tower,2026-10-01,15:20,2D Phụ đề,85000
1232569,Pinocchio: Unstrung,CGV Mipec Tower,2026-10-01,19:15,2D Phụ đề,110000
1315772,Minions & Quái Vật,CGV Mipec Tower,2026-10-01,11:30,2D Phụ đề,85000
1315772,Minions & Quái Vật,CGV Mipec Tower,2026-10-01,13:45,IMAX 2D,160000
1315772,Minions & Quái Vật,CGV Mipec Tower,2026-10-01,15:20,2D Lồng tiếng,85000
1516698,The Last Sunrise,CGV Mipec Tower,2026-10-01,11:30,2D Phụ đề,85000
1516698,The Last Sunrise,CGV Mipec Tower,2026-10-01,19:15,2D Phụ đề,110000
1516698,The Last Sunrise,CGV Mipec Tower,2026-10-01,21:45,2D Phụ đề,110000
299534,Avengers: Hồi Kết,CGV Mipec Tower,2026-10-01,11:30,2D Lồng tiếng,85000
299534,Avengers: Hồi Kết,CGV Mipec Tower,2026-10-01,15:20,2D Phụ đề,85000
299534,Avengers: Hồi Kết,CGV Mipec Tower,2026-10-01,17:40,2D Phụ đề,110000
299534,Avengers: Hồi Kết,CGV Mipec Tower,2026-10-01,21:45,IMAX 2D,160000
1492640,UNABOMBER,CGV Mipec Tower,2026-10-01,09:15,2D Phụ đề,85000
1492640,UNABOMBER,CGV Mipec Tower,2026-10-01,23:00,2D Phụ đề,110000
1228834,Phi Vụ Sửa Sai,CGV Mipec Tower,2026-10-01,11:30,2D Lồng tiếng,85000
1228834,Phi Vụ Sửa Sai,CGV Mipec Tower,2026-10-01,21:45,2D Phụ đề,110000
1228834,Phi Vụ Sửa Sai,CGV Mipec Tower,2026-10-01,23:00,2D Phụ đề,110000
1284465,Cái Chết của Robin Hood,CGV Mipec Tower,2026-10-01,09:15,2D Phụ đề,85000
1284465,Cái Chết của Robin Hood,CGV Mipec Tower,2026-10-01,11:30,2D Phụ đề,85000
1284465,Cái Chết của Robin Hood,CGV Mipec Tower,2026-10-01,17:40,IMAX 2D,160000
1284465,Cái Chết của Robin Hood,CGV Mipec Tower,2026-10-01,21:45,2D Phụ đề,110000
1083381,Backrooms: Thực Thể Quỷ Quyệt,CGV Mipec Tower,2026-10-01,09:15,2D Phụ đề,85000
1083381,Backrooms: Thực Thể Quỷ Quyệt,CGV Mipec Tower,2026-10-01,15:20,2D Phụ đề,85000
1083381,Backrooms: Thực Thể Quỷ Quyệt,CGV Mipec Tower,2026-10-01,19:15,2D Phụ đề,110000
1083381,Backrooms: Thực Thể Quỷ Quyệt,CGV Mipec Tower,2026-10-01,21:45,2D Phụ đề,110000
1482547,Zip Wire,CGV Mipec Tower,2026-10-01,17:40,2D Phụ đề,110000
1482547,Zip Wire,CGV Mipec Tower,2026-10-01,19:15,2D Lồng tiếng,110000
1032863,The Love Hypothesis,CGV Mipec Tower,2026-10-01,15:20,2D Lồng tiếng,85000
1032863,The Love Hypothesis,CGV Mipec Tower,2026-10-01,19:15,2D Phụ đề,110000
1101383,Ngày Tàn Của Phố Oak,CGV Vincom Center Landmark 81,2026-10-01,19:15,2D Lồng tiếng,110000
1101383,Ngày Tàn Của Phố Oak,CGV Vincom Center Landmark 81,2026-10-01,21:45,2D Phụ đề,110000
1482547,Zip Wire,CGV Vincom Center Landmark 81,2026-10-01,11:30,2D Lồng tiếng,85000
1482547,Zip Wire,CGV Vincom Center Landmark 81,2026-10-01,13:45,2D Lồng tiếng,85000
1482547,Zip Wire,CGV Vincom Center Landmark 81,2026-10-01,17:40,IMAX 2D,160000
1482547,Zip Wire,CGV Vincom Center Landmark 81,2026-10-01,20:30,2D Phụ đề,110000
1204680,Coyote vs. Acme,CGV Vincom Center Landmark 81,2026-10-01,11:30,IMAX 2D,160000
1204680,Coyote vs. Acme,CGV Vincom Center Landmark 81,2026-10-01,17:40,2D Phụ đề,110000
1204680,Coyote vs. Acme,CGV Vincom Center Landmark 81,2026-10-01,19:15,IMAX 2D,160000
1204680,Coyote vs. Acme,CGV Vincom Center Landmark 81,2026-10-01,23:00,2D Phụ đề,110000
1440098,Enfrentados: Marfil,CGV Vincom Center Landmark 81,2026-10-01,13:45,2D Phụ đề,85000
1440098,Enfrentados: Marfil,CGV Vincom Center Landmark 81,2026-10-01,17:40,2D Phụ đề,110000
1440098,Enfrentados: Marfil,CGV Vincom Center Landmark 81,2026-10-01,20:30,2D Phụ đề,110000
1538457,மீசைய முருக்கு 2,CGV Vincom Center Landmark 81,2026-10-01,09:15,2D Phụ đề,85000
1538457,மீசைய முருக்கு 2,CGV Vincom Center Landmark 81,2026-10-01,17:40,2D Lồng tiếng,110000
1538457,மீசைய முருக்கு 2,CGV Vincom Center Landmark 81,2026-10-01,21:45,2D Phụ đề,110000
1538457,மீசைய முருக்கு 2,CGV Vincom Center Landmark 81,2026-10-01,23:00,2D Phụ đề,110000
1368337,The Odyssey,CGV Vincom Center Landmark 81,2026-10-01,13:45,2D Lồng tiếng,85000
1368337,The Odyssey,CGV Vincom Center Landmark 81,2026-10-01,15:20,2D Phụ đề,85000
1368337,The Odyssey,CGV Vincom Center Landmark 81,2026-10-01,20:30,2D Phụ đề,110000
1368337,The Odyssey,CGV Vincom Center Landmark 81,2026-10-01,21:45,2D Phụ đề,110000
1751701,After Impact,CGV Vincom Center Landmark 81,2026-10-01,15:20,2D Lồng tiếng,85000
1751701,After Impact,CGV Vincom Center Landmark 81,2026-10-01,20:30,2D Phụ đề,110000
1386315,The Runner,CGV Vincom Center Landmark 81,2026-10-01,09:15,2D Lồng tiếng,85000
1386315,The Runner,CGV Vincom Center Landmark 81,2026-10-01,17:40,2D Lồng tiếng,110000
1386315,The Runner,CGV Vincom Center Landmark 81,2026-10-01,19:15,2D Phụ đề,110000
1240889,Dục Vọng Tuổi Mới Lớn Và Cái Chết Ở Trại Miasma,CGV Crescent Mall,2026-10-01,19:15,2D Phụ đề,110000
1240889,Dục Vọng Tuổi Mới Lớn Và Cái Chết Ở Trại Miasma,CGV Crescent Mall,2026-10-01,20:30,2D Phụ đề,110000
1240889,Dục Vọng Tuổi Mới Lớn Và Cái Chết Ở Trại Miasma,CGV Crescent Mall,2026-10-01,21:45,2D Phụ đề,110000
1621552,La captura,CGV Crescent Mall,2026-10-01,11:30,2D Phụ đề,85000
1621552,La captura,CGV Crescent Mall,2026-10-01,13:45,2D Phụ đề,85000
1621552,La captura,CGV Crescent Mall,2026-10-01,17:40,IMAX 2D,160000
1621552,La captura,CGV Crescent Mall,2026-10-01,23:00,2D Lồng tiếng,110000
1083381,Backrooms: Thực Thể Quỷ Quyệt,CGV Crescent Mall,2026-10-01,15:20,2D Phụ đề,85000
1083381,Backrooms: Thực Thể Quỷ Quyệt,CGV Crescent Mall,2026-10-01,20:30,IMAX 2D,160000
1538457,மீசைய முருக்கு 2,CGV Crescent Mall,2026-10-01,17:40,2D Phụ đề,110000
1538457,மீசைய முருக்கு 2,CGV Crescent Mall,2026-10-01,20:30,2D Phụ đề,110000
1482547,Zip Wire,CGV Crescent Mall,2026-10-01,11:30,IMAX 2D,160000
1482547,Zip Wire,CGV Crescent Mall,2026-10-01,13:45,2D Phụ đề,85000
1482547,Zip Wire,CGV Crescent Mall,2026-10-01,15:20,2D Phụ đề,85000
1482547,Zip Wire,CGV Crescent Mall,2026-10-01,23:00,2D Phụ đề,110000
1516698,The Last Sunrise,CGV Crescent Mall,2026-10-01,17:40,2D Phụ đề,110000
1516698,The Last Sunrise,CGV Crescent Mall,2026-10-01,19:15,2D Phụ đề,110000
1516698,The Last Sunrise,CGV Crescent Mall,2026-10-01,23:00,2D Phụ đề,110000
1101383,Ngày Tàn Của Phố Oak,CGV Crescent Mall,2026-10-01,11:30,IMAX 2D,160000
1101383,Ngày Tàn Của Phố Oak,CGV Crescent Mall,2026-10-01,15:20,IMAX 2D,160000
1101383,Ngày Tàn Của Phố Oak,CGV Crescent Mall,2026-10-01,19:15,2D Lồng tiếng,110000
1419406,Bổ Phong Truy Ảnh,CGV Crescent Mall,2026-10-01,11:30,2D Phụ đề,85000
1419406,Bổ Phong Truy Ảnh,CGV Crescent Mall,2026-10-01,13:45,2D Phụ đề,85000
1419406,Bổ Phong Truy Ảnh,CGV Crescent Mall,2026-10-01,20:30,IMAX 2D,160000
